Record ID,Content Name,Created By ID,Created Date,Currency ISO Code,Custom Source,Deleted,Font Family,Font Size,Last Modified By ID,Last Modified Date,Last Referenced Date,Last Viewed Date,Markup,Owner ID,Raw Markup,System Modstamp,Table Style,Text Color,Type,New
a1n20000004DiIjAAK,Grand Total,00520000002CI2kAAG,07/22/2016T00:31:50.000Z,USD,,FALSE,Arial,,0050J000006WjRgQAK,02/25/2017T14:55:30.000Z,02/25/2017T14:58:19.000Z,02/25/2017T14:58:19.000Z,,00520000002CI2kAAG,"<table align=""right"" border=""0"" cellpadding=""0"" cellspacing=""0"" style=""width: 100%;"">	<tbody>		<tr>			<td align=""right"" valign=""top"" width=""77.5%""><span style=""font-size:10px;""><b>Customer Grand Total:</b></span></td>			<td align=""right"" valign=""top"" width=""22%""><span style=""font-size:10px;""><b>{!quote.Net_Amount_Output__c}</b></span></td>		</tr>	</tbody></table>",02/26/2017T02:31:49.000Z,Standard,,HTML,FALSE
a1n20000004DiJrAAK,MDQ-Standard,00520000002CI2kAAG,07/25/2016T16:17:17.000Z,USD,,FALSE,Arial,,00520000002CI2kAAG,11/27/2016T21:16:29.000Z,12/01/2016T10:32:26.000Z,12/01/2016T10:32:26.000Z,,00520000002CI2kAAG,,12/02/2016T02:32:52.000Z,Standard,,Line Items,TRUE
a1n20000004DiOhAAK,Configured Products Header,00520000002CI2kAAG,07/27/2016T18:41:12.000Z,USD,,FALSE,Arial,,00520000002CI2kAAG,11/27/2016T21:16:29.000Z,11/28/2016T08:35:42.000Z,11/28/2016T08:35:42.000Z,,00520000002CI2kAAG,"<table align=""right"" border=""0"" cellpadding=""0"" cellspacing=""0"" style=""width: 100%;"">	<tbody>		<tr>			<td align=""center"" valign=""bottom""><span style=""font-size:13px;""><strong>Configured Products and Services</strong></span></td>		</tr>	</tbody></table>",02/28/2017T02:32:53.000Z,Standard,,HTML,TRUE
a1n20000004DhQwAAK,SF-Notes,00520000002CI2kAAG,06/03/2016T18:25:17.000Z,USD,,FALSE,Arial,,0050J000006WjRgQAK,11/28/2016T09:55:59.000Z,11/28/2016T10:00:11.000Z,11/28/2016T10:00:11.000Z,,00520000002CI2kAAG,"<table align=""left"" border=""1"" cellpadding=""1"" cellspacing=""1"" style=""width: 100%;"">	<tbody>		<tr>			<td><span style=""font-size:8px;""><strong>Notes:</strong><br />			{!quote.Quote_PDF_Notes__c}</span></td>		</tr>	</tbody></table>",11/29/2016T02:34:38.000Z,Standard,,HTML,TRUE
a1n0J000003uKIoQAM,Disclaimer - Chinese,0050J000006WjRgQAK,03/02/2017T12:52:13.000Z,USD,,FALSE,Arial,8,0050J000006WjRgQAK,03/02/2017T12:52:26.000Z,03/02/2017T13:01:21.000Z,03/02/2017T13:01:21.000Z,,0050J000006WjRgQAK,"<table align=""right"" border=""0"" cellpadding=""0"" cellspacing=""0"" style=""width: 100%;"">	<tbody>		<tr>			<td align=""left"">			<p><span style=""font-size:10px;"">____È__Èá_Ê__ÈÉ_ü___´_Èá•_Î_Ê__ç¨çÓ¬_öá_Ûä_Ü©ç_ã_üçŒêÎ_È÷è«__¬ÁŒ_èŒè_è¨¢_÷É_Ñ__Ñ«•_Î_ÏÛçÈöŒ¨__ªÉ_È÷_Â__Èá_Ê_____Ïä_äÛ_üçŒêÎ•_Î_È´Œ¨__ªÉçÈÒç¨Ñ_Èá_Ê__ü_Œà ‹Ûâ</span></p>			</td>		</tr>	</tbody></table>",03/03/2017T02:34:23.000Z,Standard,,HTML,TRUE
a1n0J000003uKIjQAM,Disclaimer - English,0050J000006WjRgQAK,03/02/2017T12:49:11.000Z,USD,,FALSE,Arial,8,0050J000006WjRgQAK,03/02/2017T12:52:05.000Z,03/02/2017T12:52:07.000Z,03/02/2017T12:52:07.000Z,,0050J000006WjRgQAK,"<table align=""right"" border=""0"" cellpadding=""0"" cellspacing=""0"" style=""width: 100%;"">	<tbody>		<tr>			<td align=""left"">			<p><span style=""font-size:10px;"">The price is calculated based on your current remaining commitment period, and therefore might be lower upon checkout.</span></p>			</td>		</tr>	</tbody></table>",03/03/2017T02:34:23.000Z,Standard,,HTML,TRUE
a1n0J000003uKJIQA2,Disclaimer - Korean,0050J000006WjRgQAK,03/02/2017T13:01:31.000Z,USD,,FALSE,Arial,8,0050J000006WjRgQAK,03/02/2017T13:01:31.000Z,03/06/2017T08:44:23.000Z,03/06/2017T08:44:23.000Z,,0050J000006WjRgQAK,"<table align=""right"" border=""0"" cellpadding=""0"" cellspacing=""0"" style=""width: 100%;"">	<tbody>		<tr>			<td align=""left"">			<p><span style=""font-size:10px;"">êüö“¥Á“ùÛ ‘â¬“ùÛ êü¡ê¡ã“ùã êü¡“_Û“Ï_‘ÁÏ ê_ã“â¡‘ê÷êü¡ ‘¥Î‘Âü“Ñê, ê_Â“ÊÅ“ãÏ“ÄÅ “ÜÏ“_Ô“ù_ê__ “_«’ÅÂ“¥ã“_Ä“ù_“ù« ‘Ü_‘´_ê__“_¡ êüö“¥Á“ù« ‘Ü_‘´_ “ö÷ “_ö“_µ‘Üö‘Ü_.</span></p>			</td>		</tr>	</tbody></table>",03/03/2017T02:34:23.000Z,Standard,,HTML,TRUE
a1n20000004DhQ8AAK,Quote Number & Payment Terms,00520000002CI2kAAG,06/03/2016T01:18:49.000Z,USD,,FALSE,Arial,,00520000002CI2kAAG,11/27/2016T21:16:29.000Z,,,,00520000002CI2kAAG,"<table align=""left"" border=""0"" cellpadding=""1"" cellspacing=""1"" style=""width: 100%;"">	<tbody>		<tr>			<td align=""left"" width=""100""><span style=""font-size:8px;"">Quote Number:</span></td>			<td align=""left"" width=""100""><span style=""font-size:8px;"">{!quote.Name}-{!document.SBQQ__Version__c}**</span></td>			<td align=""left"" width=""100""><span style=""font-size:8px;"">Prepared By:</span></td>			<td align=""left"" width=""100""><span style=""font-size:8px;"">{!salesRep.Name}</span></td>		</tr>		<tr>			<td align=""left"" width=""100""><span style=""font-size:8px;"">Payment Terms:</span></td>			<td align=""left"" width=""100""><span style=""font-size:8px;"">{!quote.SBQQ__PaymentTerms__c}**</span></td>			<td align=""left"" width=""100""><span style=""font-size:8px;"">&#160;</span></td>			<td align=""left"" width=""100""><span style=""font-size:8px;"">{!salesRep.Email}</span></td>		</tr>		<tr>			<td align=""left"" width=""100""><span style=""font-size:8px;"">&#160;</span></td>			<td align=""left"" width=""100""><span style=""font-size:8px;"">&#160;</span></td>			<td align=""left"" width=""100""><span style=""font-size:8px;"">&#160;</span></td>			<td align=""left"" width=""100""><span style=""font-size:8px;"">{!salesRep.Phone}</span></td>		</tr>	</tbody></table>",11/27/2016T21:16:29.000Z,Standard,,HTML,TRUE
a1n20000004DiHRAA0,Sell to Bill to Ship to,00520000005QhkFAAS,07/21/2016T01:08:05.000Z,USD,,FALSE,Arial,,00520000002CI2kAAG,11/28/2016T03:03:50.000Z,11/28/2016T09:34:09.000Z,11/28/2016T09:34:09.000Z,,00520000005QhkFAAS,"<table align=""left"" border=""0"" cellpadding=""0"" cellspacing=""0"" width=""100%"">	<tbody>		<tr>			<td width=""33%""><span style=""font-size:12px; color: #0073e6""><b>Sell To:</b></span></td>			<td width=""33%""><span style=""font-size:12px; color: #0073e6""><b>Bill To:</b></span></td>			<td width=""33%""><span style=""font-size:12px; color: #0073e6""><b>Ship To:</b></span></td>		</tr>		<tr>			<td width=""33%""><span style=""font-size:6px"">&#160;</span></td>			<td width=""33%""><span style=""font-size:6px"">&#160;</span></td>			<td width=""33%""><span style=""font-size:6px"">&#160;</span></td>		</tr>		<tr>			<td width=""33%""><span style=""font-size:10px"">{!quote.Sell_To_Account__c}</span></td>			<td width=""33%""><span style=""font-size:10px"">{!quote.Bill_To_Account__c}</span></td>			<td width=""33%""><span style=""font-size:10px"">{!quote.Ship_To_Account__c}</span></td>		</tr>		<tr>			<td width=""33%""><span style=""font-size:10px"">{!quote.Sell_To_Contact__c}</span></td>			<td width=""33%""><span style=""font-size:10px"">{!quote.Bill_To_Contact__c}</span></td>			<td width=""33%""><span style=""font-size:10px"">{!quote.Ship_To_Contact__c}</span></td>		</tr>		<tr>			<td width=""33%""><span style=""font-size:10px"">{!quote.Sell_To_Street__c}</span></td>			<td width=""33%""><span style=""font-size:10px"">{!quote.Bill_To_Street__c}</span></td>			<td width=""33%""><span style=""font-size:10px"">{!quote.Ship_To_Street__c}</span></td>		</tr>		<tr>			<td width=""33%""><span style=""font-size:10px"">{!quote.Sell_To_City__c}</span></td>			<td width=""33%""><span style=""font-size:10px"">{!quote.Bill_To_City__c}</span></td>			<td width=""33%""><span style=""font-size:10px"">{!quote.Ship_To_City__c}</span></td>		</tr>		<tr>			<td width=""33%""><span style=""font-size:10px"">{!quote.Sell_To_State__c}&#160;{!quote.Sell_To_Postal_Code__c}</span></td>			<td width=""33%""><span style=""font-size:10px"">{!quote.Bill_To_State__c}&#160;{!quote.Bill_To_Postal_Code__c}</span></td>			<td width=""33%""><span style=""font-size:10px"">{!quote.Ship_To_State__c}&#160;{!quote.Ship_To_Postal_Code__c}</span></td>		</tr>		<tr>			<td width=""38%""><span style=""font-size:10px"">{!quote.Sell_To_eMail__c}</span></td>			<td width=""33%""><span style=""font-size:10px"">{!quote.Bill_To_eMail__c}</span></td>			<td width=""33%""><span style=""font-size:10px"">{!quote.Ship_To_eMail__c}</span></td>		</tr>		<tr>			<td width=""33%""><span style=""font-size:10px"">{!quote.Sell_To_Phone__c}</span></td>			<td width=""33%""><span style=""font-size:10px"">{!quote.Bill_To_Phone__c}</span></td>			<td width=""33%""><span style=""font-size:10px"">{!quote.Ship_To_Phone__c}</span></td>		</tr>	</tbody></table>",11/29/2016T02:34:38.000Z,Standard,,HTML,TRUE
a1n20000004DhzDAAS,Blue Line,00520000002CI2kAAG,07/12/2016T00:12:14.000Z,USD,,FALSE,Arial,,00520000002CI2kAAG,11/27/2016T21:16:29.000Z,01/27/2017T09:58:18.000Z,01/27/2017T09:58:18.000Z,,00520000002CI2kAAG,"<table border=""0"" cellpadding=""0"" cellspacing=""0"" width=""100%"">	<tbody>		<tr>			<td style=""background-color: #0073e6; height: 1pt; width: 100%;"">			<p><span style=""font-size:1px;"">&#160;</span></p>			</td>		</tr>	</tbody></table>",02/28/2017T02:32:53.000Z,Standard,,HTML,TRUE
a1n20000004DhzIAAS,Prepared,00520000002CI2kAAG,07/12/2016T00:34:18.000Z,USD,,FALSE,Arial,,00520000002CI2kAAG,11/27/2016T21:16:29.000Z,,,,00520000002CI2kAAG,"<table align=""left"" border=""0"" cellpadding=""0"" cellspacing=""0"" width=""100%"">	<tbody>		<tr>			<td width=""75%""><span style=""font-size:12px; color: #0582c2""><b>Prepared For:</b></span></td>			<td><span style=""font-size:12px; color: #0582c2""><b>Prepared By:</b></span></td>		</tr>		<tr>			<td width=""75%""><span style=""font-size:8px"">{!quote.SBQQ__BillingName__c}</span></td>			<td><span style=""font-size:8px"">{!salesRep.Name}</span></td>		</tr>		<tr>			<td width=""75%""><span style=""font-size:8px"">{!primaryContact.Name}</span></td>			<td><span style=""font-size:8px"">{!salesRep.Email}</span></td>		</tr>		<tr>			<td width=""75%""><span style=""font-size:8px"">{!quote.SBQQ__BillingStreet__c}</span></td>			<td><span style=""font-size:8px"">{!salesRep.Phone}</span></td>		</tr>		<tr>			<td width=""75%""><span style=""font-size:8px"">{!quote.SBQQ__ShippingCity__c}, {!quote.SBQQ__ShippingState__c} {!quote.SBQQ__ShippingPostalCode__c}&#160;&#160; {!quote.SBQQ__ShippingCountry__c}</span></td>			<td><span style=""font-size:8px"">&#160;</span></td>		</tr>		<tr>			<td width=""75%""><span style=""font-size:8px"">{!primaryContact.Email}</span></td>			<td><span style=""font-size:8px"">&#160;</span></td>		</tr>		<tr>			<td width=""75%""><span style=""font-size:8px"">{!primaryContact.Phone}</span></td>			<td><span style=""font-size:8px"">&#160;</span></td>		</tr>	</tbody></table>",11/27/2016T21:16:29.000Z,Standard,,HTML,TRUE
a1n0J000003u0r9QAA,Grand Total: Chinese,00520000002CI2kAAG,11/08/2016T23:11:15.000Z,USD,,FALSE,Arial,,0050J000006WjRgQAK,02/25/2017T14:58:32.000Z,02/25/2017T14:58:32.000Z,02/25/2017T14:58:32.000Z,,00520000002CI2kAAG,"<table align=""right"" border=""0"" cellpadding=""0"" cellspacing=""0"" style=""width: 100%;"">	<tbody>		<tr>			<td align=""right"" valign=""top"" width=""77.5%""><span style=""font-size:10px; font-family: Arial;""><b>&#28040;&#36153;&#24635;&#35745;</b></span></td>			<td align=""right"" valign=""top"" width=""22%""><span style=""font-size:10px;""><b>{!quote.Net_Amount_Output__c}</b></span></td>		</tr>	</tbody></table>",02/26/2017T02:31:49.000Z,Standard,,HTML,TRUE
a1n0J000003u8GUQAY,Configured Products Header (Japanese),0050J000006WjRgQAK,12/13/2016T10:18:02.000Z,USD,,FALSE,Arial,,0050J000006WjRgQAK,12/13/2016T10:20:12.000Z,12/13/2016T10:20:12.000Z,12/13/2016T10:20:12.000Z,,0050J000006WjRgQAK,"<table align=""right"" border=""0"" cellpadding=""0"" cellspacing=""0"" style=""width: 100%;"">	<tbody>		<tr>			<td align=""center"" valign=""bottom""><span style=""font-size:13px;""><strong>&#35069;&#21697;&#27083;&#25104;</strong></span></td>		</tr>	</tbody></table>",12/14/2016T02:32:42.000Z,Standard,,HTML,TRUE
a1n0J000003u0quQAA,Unity-Top: Chinese,00520000002CI2kAAG,11/08/2016T22:53:05.000Z,USD,,FALSE,Arial,,0050J000006WjRgQAK,02/26/2017T11:07:03.000Z,02/28/2017T08:42:16.000Z,02/28/2017T08:42:16.000Z,,00520000002CI2kAAG,"<!-- Logo--><table border=""0"" cellpadding=""1"" cellspacing=""1"" width=""100%"">	<tbody>		<tr>			<td>			<p><span>{!companyLogo}</span></p>			</td>			<td width=""50%"">			<table border=""0"" cellpadding=""1"" cellspacing=""1"" width=""100%"">				<tbody>					<tr>						<td valign=""top""><span style=""font-size:10px; font-family: Arial;"">&#25253;&#20215;&#21333;&#32534;&#21495;</span></td>						<td valign=""top""><span style=""font-size:10px; font-family: Arial;"">{!quote.Name}-{!document.SBQQ__Version__c} {!quote.Quote_Output_Status__c}</span></td>					</tr>					<tr>						<td valign=""top""><span style=""font-size:10px; font-family: Arial;"">&#21019;&#24314;&#26085;&#26399;</span></td>						<td valign=""top""><span style=""font-size:10px; font-family: Arial;"">{!quote.Today__c}</span></td>					</tr>					<tr>						<td valign=""top""><span style=""font-size:10px; font-family: Arial;"">&#25253;&#20215;&#26377;&#25928;&#26399;</span></td>						<td valign=""top""><span style=""font-size:10px; font-family: Arial;"">{!quote.SBQQ__ExpirationDate__c}</span></td>					</tr>					<tr>						<td valign=""top""><span style=""font-size:10px; font-family: Arial;"">&#20184;&#27454;&#26041;&#24335;</span></td>						<td valign=""top""><span style=""font-size:10px; font-family: Arial;"">{!quote.Payment_Method__c}</span></td>					</tr>					<tr>						<td valign=""top""><span style=""font-size:10px; font-family: Arial;"">&#20184;&#27454;&#39057;&#29575;</span></td>						<td valign=""top""><span style=""font-size:10px; font-family: Arial;"">{!quote.Payment_Frequency_Output__c}</span></td>					</tr>					<tr>						<td valign=""top""><span style=""font-size:10px;"">{!quote.Payment_Terms_Output__c}</span></td>						<td valign=""top""><span style=""font-size:10px;"">{!quote.Payment_Terms_from_Opp__c}</span></td>					</tr>					<tr>						<td valign=""top""><span style=""font-size:10px; font-family: Arial;"">&#24320;&#25454;&#26041;</span></td>						<td valign=""top""><span style=""font-size:10px; font-family: Arial;"">{!salesRep.Name}</span></td>					</tr>					<tr>						<td valign=""top""><span style=""font-size:10px; font-family: Arial"">&#160;</span></td>						<td valign=""top""><span style=""font-size:10px; font-family: Arial"">{!salesRep.Email}</span></td>					</tr>				</tbody>			</table>			</td>		</tr>	</tbody></table><!-- Banner --><table align=""left"" border=""0"" cellpadding=""1"" cellspacing=""1"" style=""width: 100%;"">	<tbody>		<tr>			<td style=""padding: 5px;"">			<p style=""font-size: 18pt; text-align: center; font-family: Arial;""><strong>&#25253;&#20215;&#21333;</strong></p>			</td>		</tr>	</tbody></table><!-- Company Info --><table width=""100%"">	<tbody>		<tr>			<td valign=""top""><span style=""font-size:10px; font-family: Arial;"">{!template.SBQQ__CompanyName__c}<br />			{!template.SBQQ__CompanyStreet__c}<br />			{!template.SBQQ__CompanyCity__c}, {!template.SBQQ__CompanyState__c} {!template.SBQQ__CompanyPostalCode__c}<br />			{!template.SBQQ__CompanyCountry__c} </span></td>		</tr>	</tbody></table>",03/01/2017T02:33:54.000Z,Standard,,HTML,TRUE
a1n0J000003u0qpQAA,Configured Products Header: Chinese,00520000002CI2kAAG,11/08/2016T22:49:47.000Z,USD,,FALSE,Arial,,00520000002CI2kAAG,11/27/2016T21:16:29.000Z,12/13/2016T10:13:20.000Z,12/13/2016T10:13:20.000Z,,00520000002CI2kAAG,"<table align=""right"" border=""0"" cellpadding=""0"" cellspacing=""0"" style=""width: 100%;"">	<tbody>		<tr>			<td align=""center"" valign=""bottom""><span style=""font-size:13px; font-family: Arial;""><strong>_äÛè«____ŒÒÅŒè__ÏçŒ_Á</strong></span></td>		</tr>	</tbody></table>",12/14/2016T02:32:42.000Z,Standard,,HTML,TRUE
a1n0J000003u0qkQAA,Sell to Bill to Ship to: Chinese,00520000002CI2kAAG,11/08/2016T22:29:22.000Z,USD,,FALSE,Arial,,00520000002CI2kAAG,11/27/2016T21:29:15.000Z,11/28/2016T09:15:04.000Z,11/28/2016T09:15:04.000Z,,00520000002CI2kAAG,"<table align=""left"" border=""0"" cellpadding=""0"" cellspacing=""0"" width=""100%"">	<tbody>		<tr>			<td width=""33%""><span style=""font-size:12px;""><b>&#36141;&#20080;&#26041;</b></span></td>			<td width=""33%""><span style=""font-size:12px;""><b>&#38144;&#21806;&#26041;</b></span></td>			<td width=""33%""><span style=""font-size:12px;""><b>&#37038;&#23492;&#22320;&#22336;</b></span></td>		</tr>		<tr>			<td width=""33%""><span style=""font-size:6px"">&#160;</span></td>			<td width=""33%""><span style=""font-size:6px"">&#160;</span></td>			<td width=""33%""><span style=""font-size:6px"">&#160;</span></td>		</tr>		<tr>			<td width=""33%""><span style=""font-size:10px"">{!quote.Sell_To_Account__c}</span></td>			<td width=""33%""><span style=""font-size:10px"">{!quote.Bill_To_Account__c}</span></td>			<td width=""33%""><span style=""font-size:10px"">{!quote.Ship_To_Account__c}</span></td>		</tr>		<tr>			<td width=""33%""><span style=""font-size:10px"">{!quote.Sell_To_Contact__c}</span></td>			<td width=""33%""><span style=""font-size:10px"">{!quote.Bill_To_Contact__c}</span></td>			<td width=""33%""><span style=""font-size:10px"">{!quote.Ship_To_Contact__c}</span></td>		</tr>		<tr>			<td width=""33%""><span style=""font-size:10px"">{!quote.Sell_To_Street__c}</span></td>			<td width=""33%""><span style=""font-size:10px"">{!quote.Bill_To_Street__c}</span></td>			<td width=""33%""><span style=""font-size:10px"">{!quote.Ship_To_Street__c}</span></td>		</tr>		<tr>			<td width=""33%""><span style=""font-size:10px"">{!quote.Sell_To_State__c}&#160;{!quote.Sell_To_Postal_Code__c}</span></td>			<td width=""33%""><span style=""font-size:10px"">{!quote.Bill_To_State__c}&#160;{!quote.Bill_To_Postal_Code__c}</span></td>			<td width=""33%""><span style=""font-size:10px"">{!quote.Ship_To_State__c}&#160;{!quote.Ship_To_Postal_Code__c}</span></td>		</tr>		<tr>			<td width=""33%""><span style=""font-size:10px"">{!quote.Sell_To_eMail__c}</span></td>			<td width=""33%""><span style=""font-size:10px"">{!quote.Bill_To_eMail__c}</span></td>			<td width=""33%""><span style=""font-size:10px"">{!quote.Ship_To_eMail__c}</span></td>		</tr>		<tr>			<td width=""33%""><span style=""font-size:10px"">{!quote.Sell_To_Phone__c}</span></td>			<td width=""33%""><span style=""font-size:10px"">{!quote.Bill_To_Phone__c}</span></td>			<td width=""33%""><span style=""font-size:10px"">{!quote.Ship_To_Phone__c}</span></td>		</tr>	</tbody></table>",11/29/2016T02:34:38.000Z,Standard,,HTML,TRUE
a1n20000004DhUFAA0,Quote Terms,00520000002CI2kAAG,06/09/2016T22:36:07.000Z,USD,,FALSE,Arial,8,00520000002CI2kAAG,11/27/2016T21:16:29.000Z,11/28/2016T10:04:15.000Z,11/28/2016T10:04:15.000Z,,00520000002CI2kAAG,,11/29/2016T02:34:38.000Z,Standard,,Quote Terms,TRUE
a1n20000004DhV3AAK,MDQ,00520000002CI2kAAG,06/14/2016T04:05:51.000Z,USD,,FALSE,Arial,,00520000002CI2kAAG,11/27/2016T21:16:29.000Z,12/07/2016T13:15:33.000Z,12/07/2016T13:15:33.000Z,,00520000002CI2kAAG,,02/28/2017T02:32:53.000Z,Price Dimensions as Rows with Summary,,Line Items,TRUE
a1n20000004DiJDAA0,MDQ-Rows With Summarys,00520000002CI2kAAG,07/22/2016T22:37:22.000Z,USD,,FALSE,Arial,,00520000002CI2kAAG,11/27/2016T21:16:29.000Z,,,,00520000002CI2kAAG,,11/27/2016T21:16:29.000Z,Price Dimensions as Rows with Summary,,Line Items,TRUE
a1n20000004DiJ8AAK,MDQ-BB,00520000002CI2kAAG,07/22/2016T22:30:26.000Z,USD,,FALSE,Arial,,00520000002CI2kAAG,11/27/2016T21:16:29.000Z,11/16/2016T09:03:56.000Z,11/16/2016T09:03:56.000Z,,00520000002CI2kAAG,,11/27/2016T21:16:29.000Z,Price Dimensions as Rows with Summary,,Line Items,TRUE
a1n20000003F4d3AAC,Z_Template Bottom,00520000002CI2kAAG,05/31/2016T21:44:10.000Z,USD,,FALSE,Arial,,00520000002CI2kAAG,11/27/2016T21:36:10.000Z,,,,00520000002CI2kAAG,"<p>&#160;</p><p><span style=""font-size: x-small;""><strong>{!template.SBQQ__NotesTitle__c}</strong>&#160;</span><br /><span style=""font-size: x-small;"">{!quote.SBQQ__Notes__c}</span></p><p>&#160;</p><p>&#160;</p><p><span style=""font-size: x-small;""><strong>{!template.SBQQ__TermsConditionsTitle__c}</strong></span><br /><span style=""font-size: x-small;"">{!template.SBQQ__TermsConditions__c}</span></p><p>&#160;</p><p>&#160;</p><table border=""0"" style=""width: 100%;"">	<tbody>		<tr>			<td style=""width: 20%;"">			<p>&#160;</p>			<p><span style=""font-size: x-small;""><strong>Signature:</strong></span></p>			</td>			<td style=""width: 30%; border-color: black; border-bottom-style: solid;"">			<p>&#160;</p>			</td>			<td style=""width: 20%;"">			<p>&#160;</p>			<p><span style=""font-size: x-small;""><strong>&#160; &#160; &#160; &#160; &#160; Effective Date:</strong></span></p>			</td>			<td style=""width: 30%;"">			<p>&#160;</p>			<p><span style=""font-size: x-small;"">______/______/______</span></p>			</td>		</tr>		<tr>			<td>			<p>&#160;</p>			<p><span style=""font-size: x-small;""><strong>Name (Print):</strong></span></p>			</td>			<td style=""border-color: black; border-bottom-style: solid;"">			<p>&#160;</p>			</td>			<td>			<p>&#160;</p>			<p><span style=""font-size: x-small;""><strong>&#160; &#160; &#160; &#160; &#160; Title:</strong></span></p>			</td>			<td style=""border-color: black; border-bottom-style: solid;"">&#160;</td>		</tr>	</tbody></table><p>&#160;</p><p><span style=""font-size: x-small;"">Please sign and email to {!salesRep.Name} at {!salesRep.Email} or fax to {!salesRep.Fax}</span></p><p>&#160;</p><p style=""margin-top: 20px; text-align: center; font-size: 8.5pt; font-weight: bold; width: 100%; padding: 5px; background-color: #{!template.sbqq__shadingcolor__c};""><span style=""font-size: x-small;"">THANK YOU FOR YOUR BUSINESS!</span></p>",11/28/2016T02:31:19.000Z,Standard,,HTML,TRUE
a1n0J000003u2wcQAA,SF-Notes: Chinese,0050J000006WjRgQAK,11/28/2016T08:54:18.000Z,USD,,FALSE,Arial,,0050J000006WjRgQAK,11/28/2016T10:00:21.000Z,11/28/2016T10:00:21.000Z,11/28/2016T10:00:21.000Z,,0050J000006WjRgQAK,"<table align=""left"" border=""1"" cellpadding=""1"" cellspacing=""1"" style=""width: 100%;"">	<tbody>		<tr>			<td><span style=""font-size:8px;""><strong>&#27880;&#24847;&#65306;</strong><br />			{!quote.Quote_PDF_Notes__c}</span></td>		</tr>	</tbody></table>",12/02/2016T02:32:52.000Z,Standard,,HTML,TRUE
a1n0J000003u2whQAA,SF-Notes: Korean,0050J000006WjRgQAK,11/28/2016T08:54:42.000Z,USD,,FALSE,Arial,,0050J000006WjRgQAK,11/28/2016T10:00:45.000Z,11/28/2016T10:00:45.000Z,11/28/2016T10:00:45.000Z,,0050J000006WjRgQAK,"<table align=""left"" border=""1"" cellpadding=""1"" cellspacing=""1"" style=""width: 100%;"">	<tbody>		<tr>			<td><span style=""font-size:8px;""><strong>&#45432;&#53944;</strong><br />			{!quote.Quote_PDF_Notes__c}</span></td>		</tr>	</tbody></table>",11/29/2016T02:34:38.000Z,Standard,,HTML,TRUE
a1n0J000003u2wXQAQ,Grand Total: Korean,0050J000006WjRgQAK,11/28/2016T08:37:29.000Z,USD,,FALSE,Arial,,0050J000006WjRgQAK,02/25/2017T14:58:52.000Z,03/02/2017T08:39:28.000Z,03/02/2017T08:39:28.000Z,,0050J000006WjRgQAK,"<table align=""right"" border=""0"" cellpadding=""0"" cellspacing=""0"" style=""width: 100%;"">	<tbody>		<tr>			<td align=""right"" valign=""top"" width=""77.5%""><span style=""font-size:10px;""><b>&#52509; &#54633;&#44228;</b></span></td>			<td align=""right"" valign=""top"" width=""22%""><span style=""font-size:10px;""><b>{!quote.Net_Amount_Output__c}</b></span></td>		</tr>	</tbody></table>",03/03/2017T02:34:23.000Z,Standard,,HTML,TRUE
a1n0J000003u2wSQAQ,Configured Products Header: Korean,0050J000006WjRgQAK,11/28/2016T08:35:46.000Z,USD,,FALSE,Arial,,0050J000006WjRgQAK,11/28/2016T08:36:29.000Z,12/13/2016T10:17:58.000Z,12/13/2016T10:17:58.000Z,,0050J000006WjRgQAK,"<table align=""right"" border=""0"" cellpadding=""0"" cellspacing=""0"" style=""width: 100%;"">	<tbody>		<tr>			<td align=""center"" valign=""bottom""><span style=""font-size:13px;""><strong>“ÊÏ’Õö ‘¡è “ãÏ‘_ã“__ êµÂ“ã±</strong></span></td>		</tr>	</tbody></table>",12/14/2016T02:32:42.000Z,Standard,,HTML,TRUE
a1n0J000003u2wmQAA,SF-Notes: Japan,0050J000006WjRgQAK,11/28/2016T08:55:07.000Z,USD,,FALSE,Arial,,0050J000006WjRgQAK,11/28/2016T10:00:34.000Z,11/28/2016T10:00:34.000Z,11/28/2016T10:00:34.000Z,,0050J000006WjRgQAK,"<table align=""left"" border=""1"" cellpadding=""1"" cellspacing=""1"" style=""width: 100%;"">	<tbody>		<tr>			<td><span style=""font-size:8px;""><strong>&#12494;&#12540;&#12488;</strong><br />			{!quote.Quote_PDF_Notes__c}</span></td>		</tr>	</tbody></table>",11/29/2016T02:34:38.000Z,Standard,,HTML,TRUE
a1n20000003F4ctAAC,Line Items,00520000002CI2kAAG,05/31/2016T19:07:22.000Z,USD,,FALSE,Arial,,00520000002CI2kAAG,11/27/2016T21:16:29.000Z,12/01/2016T10:32:21.000Z,12/01/2016T10:32:21.000Z,,00520000002CI2kAAG,,12/02/2016T02:32:52.000Z,Standard,,Line Items,TRUE
a1n0J000003u2zqQAA,Terms in English,0050J000006WjRgQAK,11/28/2016T10:08:48.000Z,USD,,FALSE,Arial,8,0050J000006WjRgQAK,11/28/2016T10:09:19.000Z,03/02/2017T12:48:53.000Z,03/02/2017T12:48:53.000Z,,0050J000006WjRgQAK,"<table align=""right"" border=""0"" cellpadding=""0"" cellspacing=""0"" style=""width: 100%;"">	<tbody>		<tr>			<td align=""left"">			<p><span style=""font-size:10px;"">Terms: </span></p>			<p><span style=""font-size:10px;"">This purchase is subject to and exclusively governed by Unity&#8217;s Terms of Service, which are located in full at: </span></p>			<p><span style=""font-size:10px;"">http://unity3d.com/legal/terms-of-service.</span></p>			</td>		</tr>	</tbody></table>",03/03/2017T02:34:23.000Z,Standard,,HTML,TRUE
a1n0J000003u2xfQAA,Unity-Top: Japanese,0050J000006WjRgQAK,11/28/2016T09:35:06.000Z,USD,,FALSE,Arial,,0050J000006WjRgQAK,02/26/2017T11:07:40.000Z,02/26/2017T11:07:40.000Z,02/26/2017T11:07:40.000Z,,0050J000006WjRgQAK,"<!-- Logo--><table border=""0"" cellpadding=""1"" cellspacing=""1"" width=""100%"">	<tbody>		<tr>			<td>			<p><span>{!companyLogo}</span></p>			</td>			<td width=""50%"">			<table border=""0"" cellpadding=""1"" cellspacing=""1"" width=""100%"">				<tbody>					<tr>						<td valign=""top""><span style=""font-size:10px;"">&#35211;&#31309;&#30058;&#21495;</span></td>						<td valign=""top""><span style=""font-size:10px;"">{!quote.Name}-{!document.SBQQ__Version__c} {!quote.Quote_Output_Status__c}</span></td>					</tr>					<tr>						<td valign=""top""><span style=""font-size:10px;"">&#20316;&#25104;&#26085;</span></td>						<td valign=""top""><span style=""font-size:10px;"">{!quote.TODAY__c}</span></td>					</tr>					<tr>						<td valign=""top""><span style=""font-size:10px;"">&#26377;&#21177;&#26399;&#38480;</span></td>						<td valign=""top""><span style=""font-size:10px;"">{!quote.SBQQ__ExpirationDate__c}</span></td>					</tr>					<tr>						<td valign=""top""><span style=""font-size:10px;"">&#25903;&#25173;&#26041;&#27861;</span></td>						<td valign=""top""><span style=""font-size:10px;"">{!quote.Payment_Method__c}</span></td>					</tr>					<tr>						<td valign=""top""><span style=""font-size:10px;"">&#25903;&#25173;&#38971;&#24230;</span></td>						<td valign=""top""><span style=""font-size:10px;"">{!quote.Payment_Frequency_Output__c}</span></td>					</tr>					<tr>						<td valign=""top""><span style=""font-size:10px;"">{!quote.Payment_Terms_Output__c}</span></td>						<td valign=""top""><span style=""font-size:10px;"">{!quote.Payment_Terms_from_Opp__c}</span></td>					</tr>					<tr>						<td valign=""top""><span style=""font-size:10px;"">&#25285;&#24403;&#32773;</span></td>						<td valign=""top""><span style=""font-size:10px;"">{!salesRep.Name}</span></td>					</tr>					<tr>						<td valign=""top""><span style=""font-size:10px;"">&#160;</span></td>						<td valign=""top""><span style=""font-size:10px;"">{!salesRep.Email}</span></td>					</tr>				</tbody>			</table>			</td>		</tr>	</tbody></table><!-- Banner --><table align=""left"" border=""0"" cellpadding=""1"" cellspacing=""1"" style=""width: 100%;"">	<tbody>		<tr>			<td style=""padding: 5px;"">			<p style=""font-size: 18pt; text-align: center;""><strong>&#35211;&#31309;&#26360;</strong></p>			</td>		</tr>	</tbody></table><!-- Company Info --><table width=""100%"">	<tbody>		<tr>			<td valign=""top""><span style=""font-size:10px;"">{!template.SBQQ__CompanyName__c}<br />			{!template.SBQQ__CompanyStreet__c}<br />			{!template.SBQQ__CompanyCity__c}, {!template.SBQQ__CompanyState__c} {!template.SBQQ__CompanyPostalCode__c}<br />			{!template.SBQQ__CompanyCountry__c} </span></td>		</tr>	</tbody></table>",02/27/2017T02:31:14.000Z,Standard,,HTML,TRUE
a1n0J000003u30AQAQ,Terms in Japanese,0050J000006WjRgQAK,11/28/2016T10:14:33.000Z,USD,,FALSE,Arial,8,0050J000006WjRgQAK,11/28/2016T10:14:33.000Z,12/13/2016T10:21:38.000Z,12/13/2016T10:21:38.000Z,,0050J000006WjRgQAK,"<table align=""right"" border=""0"" cellpadding=""0"" cellspacing=""0"" style=""width: 100%;"">	<tbody>		<tr>			<td align=""left"">			<p><span style=""font-size:10px;"">""_ÏÂŒ´Ôç«ã‹Åø_È´_üÜ‹ÅÇè¬÷è_ä‹Å¨‹Åâ‹âÜUnityŒö©çÓ¬è_èç«ã‹ÅÇŒÙ_‹Å´‹Åç‹Å_‹Åª‹Ûâhttp://unity3d.com/legal/terms-of-service""</span></p>			</td>		</tr>	</tbody></table>",12/14/2016T02:32:42.000Z,Standard,,HTML,TRUE
a1n0J000003u2xBQAQ,VAT (Chinese),0050J000006WjRgQAK,11/28/2016T09:13:00.000Z,USD,,FALSE,Arial,,0050J000006WjRgQAK,11/28/2016T09:13:28.000Z,12/13/2016T10:14:39.000Z,12/13/2016T10:14:39.000Z,,0050J000006WjRgQAK,"<table align=""right"" border=""0"" cellpadding=""0"" cellspacing=""0"" style=""width: 100%;"">	<tbody>		<tr>			<td align=""left""><span style=""font-size:10px;"">èø´è¨¢Œç¥ŒÏ¬_È÷_Â__ö_Œ_ÛŒÉáŒèÔç´¬_Ñ_•_Î_ÏÛè_Å_Ê__ç¨_üçŒêÎŒ__Œ¨_ŒÏ¡ŒÎ_•_ÎŒèøèÄ__ÏÛè_ÅŒè_èÁÎç_«ç__ç_üŒ_Óç¬__Â_</span></td>		</tr>	</tbody></table>",12/14/2016T02:32:42.000Z,Standard,,HTML,TRUE
a1n0J000003u2xGQAQ,VAT (Korean),0050J000006WjRgQAK,11/28/2016T09:13:40.000Z,USD,,FALSE,Arial,,0050J000006WjRgQAK,11/28/2016T09:13:55.000Z,12/13/2016T10:15:49.000Z,12/13/2016T10:15:49.000Z,,0050J000006WjRgQAK,"<table align=""right"" border=""0"" cellpadding=""0"" cellspacing=""0"" style=""width: 100%;"">	<tbody>		<tr>			<td align=""left""><span style=""font-size:10px;"">“ù« ê_Â“ÊÅ“ùÛ ê_¡“ÊÏ ‘¡è “ùü‘_«“ù«“__ ‘¡Ï’_ä“ÜÏ VAT/’Îê‘__“ãüê¡Û ‘_Ûê__‘êÊ “ö÷ “_ö“_µ‘Üö‘Ü_.</span></td>		</tr>	</tbody></table>",12/14/2016T02:32:42.000Z,Standard,,HTML,TRUE
a1n0J000003u2xLQAQ,VAT (Japanese),0050J000006WjRgQAK,11/28/2016T09:14:02.000Z,USD,,FALSE,Arial,,0050J000006WjRgQAK,11/28/2016T09:14:17.000Z,12/13/2016T10:15:34.000Z,12/13/2016T10:15:34.000Z,,0050J000006WjRgQAK,"<table align=""right"" border=""0"" cellpadding=""0"" cellspacing=""0"" style=""width: 100%;"">	<tbody>		<tr>			<td align=""left""><span style=""font-size:10px;"">_ü_è¬÷‹ÛÅè_Üç©ç_àÔ_Áç‹ÅÇ‹Åø__öè_Èç¬_‹ÅøŒêÇ‹Å_‹âÎ‹Å_‹Å_‹â_‹Å_‹Å_‹âÒ‹Ûâ</span></td>		</tr>	</tbody></table>",12/14/2016T02:32:42.000Z,Standard,,HTML,TRUE
a1n0J000003u305QAA,Terms in Korean,0050J000006WjRgQAK,11/28/2016T10:13:25.000Z,USD,,FALSE,Arial,8,0050J000006WjRgQAK,11/28/2016T10:14:46.000Z,11/29/2016T12:19:22.000Z,11/29/2016T12:19:22.000Z,,0050J000006WjRgQAK,"<table align=""right"" border=""0"" cellpadding=""0"" cellspacing=""0"" style=""width: 100%;"">	<tbody>		<tr>			<td align=""left"">			<p><span style=""font-size:10px;"">&#51060; &#44396;&#47588;&#45716; &#50976;&#45768;&#54000; &#49436;&#48708;&#49828; &#50557;&#44288;&#50640; &#51032;&#54644; &#51204;&#51201;&#51004;&#47196; &#44288;&#47532;&#46104;&#47728;, &#50557;&#44288; &#51204;&#47928;&#51008; &#45796;&#51020;&#51032; &#47553;&#53356;&#47484; &#53685;&#54644; &#54869;&#51064; &#44032;&#45733; &#54633;&#45768;&#45796;. http://unity3d.com/legal/terms-of-service</span></p>			</td>		</tr>	</tbody></table>",11/30/2016T02:34:33.000Z,Standard,,HTML,TRUE
a1n0J000003u300QAA,Terms in Chinese,0050J000006WjRgQAK,11/28/2016T10:12:53.000Z,USD,,FALSE,Arial,8,0050J000006WjRgQAK,11/28/2016T10:13:19.000Z,11/28/2016T10:16:34.000Z,11/28/2016T10:16:03.000Z,,0050J000006WjRgQAK,"<table align=""right"" border=""0"" cellpadding=""0"" cellspacing=""0"" style=""width: 100%;"">	<tbody>		<tr>			<td align=""left"">			<p><span style=""font-size:10px;"">&#26412;&#27425;&#36141;&#20080;&#38656;&#35201;&#36981;&#23432;Unity&#26381;&#21153;&#26465;&#27454;&#65292;&#30456;&#20851;&#35814;&#24773;&#35831;&#35775;&#38382;&#65306;https://unity3d.com/cn/legal/terms-of-service</span></p>			</td>		</tr>	</tbody></table>",11/29/2016T02:34:38.000Z,Standard,,HTML,TRUE
a1n0J000003u2wIQAQ,Unity-Top: Korean,0050J000006WjRgQAK,11/28/2016T08:25:38.000Z,USD,,FALSE,Arial,,0050J000006WjRgQAK,02/26/2017T11:06:29.000Z,02/26/2017T11:06:29.000Z,02/26/2017T11:06:29.000Z,,0050J000006WjRgQAK,"<!-- Logo--><table border=""0"" cellpadding=""1"" cellspacing=""1"" width=""100%"">	<tbody>		<tr>			<td>			<p><span>{!companyLogo}</span></p>			</td>			<td width=""50%"">			<table border=""0"" cellpadding=""1"" cellspacing=""1"" width=""100%"">				<tbody>					<tr>						<td valign=""top""><span style=""font-size:10px;"">&#44204;&#51201;&#49436; &#48264;&#54840;</span></td>						<td valign=""top""><span style=""font-size:10px;"">{!quote.Name}-{!document.SBQQ__Version__c} {!quote.Quote_Output_Status__c}</span></td>					</tr>					<tr>						<td valign=""top""><span style=""font-size:10px;"">&#44204;&#51201;&#49436; &#49373;&#49457; &#51068;&#51088;</span></td>						<td valign=""top""><span style=""font-size:10px;"">{!quote.TODAY__c}</span></td>					</tr>					<tr>						<td valign=""top""><span style=""font-size:10px;"">&#44204;&#51201;&#49436; &#47564;&#47308; &#51068;&#51088;</span></td>						<td valign=""top""><span style=""font-size:10px;"">{!quote.SBQQ__ExpirationDate__c}</span></td>					</tr>					<tr>						<td valign=""top""><span style=""font-size:10px;"">&#44208;&#51228; &#48169;&#49885;</span></td>						<td valign=""top""><span style=""font-size:10px;"">{!quote.Payment_Method__c}</span></td>					</tr>					<tr>						<td valign=""top""><span style=""font-size:10px;"">&#44208;&#51228; &#51452;&#44592;</span></td>						<td valign=""top""><span style=""font-size:10px;"">{!quote.Payment_Frequency_Output__c}</span></td>					</tr>					<tr>						<td valign=""top""><span style=""font-size:10px;"">{!quote.Payment_Terms_Output__c}</span></td>						<td valign=""top""><span style=""font-size:10px;"">{!quote.Payment_Terms_from_Opp__c}</span></td>					</tr>					<tr>						<td valign=""top""><span style=""font-size:10px;"">&#45812;&#45817;&#51088;</span></td>						<td valign=""top""><span style=""font-size:10px;"">{!salesRep.Name}</span></td>					</tr>					<tr>						<td valign=""top""><span style=""font-size:10px;"">&#160;</span></td>						<td valign=""top""><span style=""font-size:10px;"">{!salesRep.Email}</span></td>					</tr>				</tbody>			</table>			</td>		</tr>	</tbody></table><!-- Banner --><table align=""left"" border=""0"" cellpadding=""1"" cellspacing=""1"" style=""width: 100%;"">	<tbody>		<tr>			<td style=""padding: 5px;"">			<p style=""font-size: 18pt; text-align: center;""><strong>&#44204;&#51201;&#49436;</strong></p>			</td>		</tr>	</tbody></table><!-- Company Info --><table width=""100%"">	<tbody>		<tr>			<td valign=""top""><span style=""font-size:10px;"">{!template.SBQQ__CompanyName__c}<br />			{!template.SBQQ__CompanyStreet__c}<br />			{!template.SBQQ__CompanyCity__c}, {!template.SBQQ__CompanyState__c} {!template.SBQQ__CompanyPostalCode__c}<br />			{!template.SBQQ__CompanyCountry__c} </span></td>		</tr>	</tbody></table>",02/27/2017T02:31:14.000Z,Standard,,HTML,TRUE
a1n0J000003u2W7QAI,VAT (English),00520000002CI2kAAG,11/24/2016T01:36:16.000Z,USD,,FALSE,Arial,8,0050J000006WjRgQAK,11/28/2016T10:07:52.000Z,11/28/2016T10:08:40.000Z,11/28/2016T10:08:40.000Z,,00520000002CI2kAAG,"<table align=""right"" border=""0"" cellpadding=""0"" cellspacing=""0"" style=""width: 100%;"">	<tbody>		<tr>			<td align=""left""><span style=""font-size:10px;"">This quote might be subject to VAT/Sales Taxes upon checkout and invoicing.</span></td>		</tr>	</tbody></table>",02/28/2017T02:32:53.000Z,Standard,,HTML,TRUE
a1n0J000003uKhSQAU,Disclaimer - Japanese,0050J000006WjRgQAK,03/06/2017T08:44:34.000Z,USD,,FALSE,Arial,8,0050J000006WjRgQAK,03/06/2017T08:44:34.000Z,03/06/2017T08:46:55.000Z,03/06/2017T08:45:17.000Z,,0050J000006WjRgQAK,"<table align=""right"" border=""0"" cellpadding=""0"" cellspacing=""0"" style=""width: 100%;"">	<tbody>		<tr>			<td align=""left"">			<p><span style=""font-size:10px;"">""èÁ¬ç____Á_Ê_‹Åø_ÏÂè_Üç©ç__ü‹ÅÇè¬÷è_ä‹Å¥‹âÎ‹Å_‹Åã‹âÜ__ÜŒ_Ü_Ñ´‹ÅÜ‹âä__«__¡_Ñ´èÀã‹Å¨_Ñ´Œä___Á_Ê_‹Å_‹Åª‹Ûâ‹ÄÅ‹â_‹ÄÄ‹âø‹â¢‹â_‹Äö‹ÅÎ_ÏÂè_Üç©ç__üè¬÷è_ä‹Å¨__ÜŒ_Ü_Ñ´‹Å¨çÀÎ_Ñ´_È´_ªç‹Å¬‹Å»‹âÜŒÊ«Œêö‹ÛÅŒ¨Ù___‹Å¨èÇÜ_±â_àÔ_Áç‹ÅøèÁ¬ç____Á_Ê_‹âö‹â____‹Åè‹Å»‹âÜ‹ÅÒ‹Å¬‹ÅÎ‹ÅÓ‹Å_‹Åã‹Å_‹Åª‹Ûâ""</span></p>			</td>		</tr>	</tbody></table>",03/06/2017T08:44:34.000Z,Standard,,HTML,TRUE
a1n20000004DhytAAC,Unity-Top: English,00520000002CI2kAAG,07/11/2016T19:15:46.000Z,USD,,FALSE,Arial,,0050J000006WjRgQAK,02/26/2017T11:05:07.000Z,03/06/2017T10:29:23.000Z,03/06/2017T10:29:23.000Z,,00520000002CI2kAAG,"<!-- Logo--><table border=""0"" cellpadding=""1"" cellspacing=""1"" width=""100%"">	<tbody>		<tr>			<td>			<p><span>{!companyLogo}</span></p>			</td>			<td width=""50%"">			<table border=""0"" cellpadding=""1"" cellspacing=""1"" width=""100%"">				<tbody>					<tr>						<td valign=""top""><span style=""font-size:10px;"">Quote Number:</span></td>						<td valign=""top""><span style=""font-size:10px;"">{!quote.Name}-{!document.SBQQ__Version__c} {!quote.Quote_Output_Status__c}</span></td>					</tr>					<tr>						<td valign=""top""><span style=""font-size:10px;"">Date Generated:</span></td>						<td valign=""top""><span style=""font-size:10px;"">{!quote.TODAY__c}</span></td>					</tr>					<tr>						<td valign=""top""><span style=""font-size:10px;"">Quote Expires:</span></td>						<td valign=""top""><span style=""font-size:10px;"">{!quote.SBQQ__ExpirationDate__c}</span></td>					</tr>					<tr>						<td valign=""top""><span style=""font-size:10px;"">Method of Payment:</span></td>						<td valign=""top""><span style=""font-size:10px;"">{!quote.Payment_Method__c}</span></td>					</tr>					<tr>						<td valign=""top""><span style=""font-size:10px;"">Payment Frequency:</span></td>						<td valign=""top""><span style=""font-size:10px;"">{!quote.Payment_Frequency__c}</span></td>					</tr>					<tr>						<td valign=""top""><span style=""font-size:10px;"">{!quote.Payment_Terms_Output__c}</span></td>						<td valign=""top""><span style=""font-size:10px;"">{!quote.Payment_Terms_from_Opp__c}</span></td>					</tr>					<tr>						<td valign=""top""><span style=""font-size:10px;"">Prepared By:</span></td>						<td valign=""top""><span style=""font-size:10px;"">{!salesRep.Name}</span></td>					</tr>					<tr>						<td valign=""top""><span style=""font-size:10px;"">&#160;</span></td>						<td valign=""top""><span style=""font-size:10px;"">{!salesRep.Email}</span></td>					</tr>				</tbody>			</table>			</td>		</tr>	</tbody></table><!-- Banner --><table align=""left"" border=""0"" cellpadding=""1"" cellspacing=""1"" style=""width: 100%;"">	<tbody>		<tr>			<td style=""padding: 5px;"">			<p style=""font-size: 18pt; text-align: center;""><strong>Quotation</strong></p>			</td>		</tr>	</tbody></table><!-- Company Info --><table width=""100%"">	<tbody>		<tr>			<td valign=""top""><span style=""font-size:10px;"">{!template.SBQQ__CompanyName__c}<br />			{!template.SBQQ__CompanyStreet__c}<br />			{!template.SBQQ__CompanyCity__c}, {!template.SBQQ__CompanyState__c} {!template.SBQQ__CompanyPostalCode__c}<br />			{!template.SBQQ__CompanyCountry__c} </span></td>		</tr>	</tbody></table>",02/28/2017T02:32:53.000Z,Standard,,HTML,TRUE
a1n20000004DhTMAA0,Z_Template Top,00520000002CI2kAAG,06/07/2016T22:27:18.000Z,USD,,FALSE,Arial,,00520000002CI2kAAG,11/27/2016T21:35:51.000Z,,,,00520000002CI2kAAG,"<table width=""100%"">	<tbody>		<tr>			<td>			<p><span style=""font-size: xx-small;"">{!companyLogo}</span></p>			<p><span style=""font-size: medium;""><strong>{!template.SBQQ__CompanyName__c}</strong></span><br />			<span style=""font-size: xx-small;""><em>{!template.SBQQ__CompanySlogan__c}</em></span></p>			<p>&#160;</p>			<p><span style=""font-size: x-small;"">{!template.SBQQ__CompanyStreet__c}<br />			{!template.SBQQ__CompanyCity__c}, {!template.SBQQ__CompanyState__c} {!template.SBQQ__CompanyPostalCode__c}<br />			{!template.SBQQ__CompanyCountry__c}</span><br />			<span style=""font-size: x-small;"">&#160;</span></p>			&#160;			<p><span style=""font-size: x-small;"">Phone: {!template.SBQQ__CompanyPhone__c}<br />			Fax: {!template.SBQQ__CompanyFax__c}</span><br />			<span style=""font-size: x-small;"">Email: {!template.SBQQ__CompanyEmail__c}</span></p>			<p>&#160;</p>			<p>&#160;</p>			</td>			<td style=""padding: 5px;"">			<p style=""font-size: 16pt; color: #293d60; text-align: right;"">Quotation</p>			<p>&#160;</p>			<table style=""font-size: 9pt; margin-left: 34px;"">				<tbody>					<tr>						<td style=""text-align: right; width: 100px;""><strong>Quote #:</strong></td>						<td style=""text-align: right;"">{!quote.Name}-{!document.SBQQ__Version__c}</td>					</tr>					<tr>						<td style=""width: 80px; text-align: right;""><strong>Date:</strong></td>						<td style=""text-align: right;"">{!quote.CreatedDate}</td>					</tr>					<tr>						<td style=""text-align: right;""><strong>Expires On:</strong></td>						<td style=""text-align: right;"">{!quote.SBQQ__ExpirationDate__c}</td>					</tr>				</tbody>			</table>			</td>		</tr>	</tbody></table><table width=""100%"">	<tbody>		<tr>			<td><span style=""font-size: x-small;""><strong>{!template.SBQQ__ShipToTitle__c}</strong></span><br />			<span style=""font-size: x-small;"">{!primaryContact.Name}</span><br />			<span style=""font-size: x-small;"">{!quote.SBQQ__ShippingName__c}</span><br />			<span style=""font-size: x-small;"">{!quote.SBQQ__ShippingStreet__c}</span><br />			<span style=""font-size: x-small;"">{!quote.SBQQ__ShippingCity__c}, {!quote.SBQQ__ShippingState__c} {!quote.SBQQ__ShippingPostalCode__c}</span><br />			<span style=""font-size: x-small;"">{!quote.SBQQ__ShippingCountry__c}</span><br />			<span style=""font-size: x-small;"">{!primaryContact.Phone}</span><br />			<span style=""font-size: x-small;"">{!primaryContact.Fax}</span><br />			<span style=""font-size: x-small;"">{!primaryContact.Email}</span></td>			<td><span style=""font-size: x-small;""><strong>{!template.SBQQ__BillToTitle__c}</strong></span><br />			<span style=""font-size: x-small;"">{!quote.SBQQ__BillingName__c}</span><br />			<span style=""font-size: x-small;"">{!quote.SBQQ__BillingStreet__c}</span><br />			<span style=""font-size: x-small;"">{!quote.SBQQ__BillingCity__c}, {!quote.SBQQ__BillingState__c} {!quote.SBQQ__BillingPostalCode__c}</span><br />			<span style=""font-size: x-small;"">{!quote.SBQQ__BillingCountry__c}</span></td>		</tr>	</tbody></table><p>&#160;</p><table style=""border: thin solid black; border-collapse: collapse;"" width=""100%"">	<tbody>		<tr>			<td align=""center"" style=""border-collapse: collapse; width: 20%; border: thin solid black;""><span style=""font-size: x-small;""><strong>SALESPERSON</strong></span></td>			<td align=""center"" style=""border-collapse: collapse; text-align: center; width: 10%; border: thin solid black;""><span style=""font-size: x-small;""><strong>EXT</strong></span></td>			<td align=""center"" style=""border-collapse: collapse; text-align: center; width: 30%; border: thin solid black;""><span style=""font-size: x-small;""><strong>EMAIL</strong></span></td>			<td align=""center"" style=""border-collapse: collapse; text-align: center; width: 20%; border: thin solid black;""><span style=""font-size: x-small;""><strong>DELIVERY METHOD</strong></span></td>			<td align=""center"" style=""border-collapse: collapse; text-align: center; width: 20%; border: thin solid black;""><span style=""font-size: x-small;""><strong>PAYMENT METHOD</strong></span></td>		</tr>	</tbody>	<tbody>		<tr>			<td align=""center"" style=""border-collapse: collapse; text-align: center; border: thin solid black;""><span style=""font-size: x-small;"">{!salesRep.Name}</span></td>			<td align=""center"" style=""border-collapse: collapse; text-align: center; border: thin solid black;""><span style=""font-size: x-small;"">x{!salesRep.Extension}</span></td>			<td align=""center"" style=""border-collapse: collapse; text-align: center; border: thin solid black;""><span style=""font-size: x-small;"">{!salesRep.Email}</span></td>			<td align=""center"" style=""border-collapse: collapse; text-align: center; border: thin solid black;""><span style=""font-size: x-small;"">{!quote.SBQQ__DeliveryMethod__c}</span></td>			<td align=""center"" style=""border-collapse: collapse; text-align: center; border: thin solid black;""><span style=""font-size: x-small;"">{!quote.SBQQ__PaymentTerms__c}</span></td>		</tr>	</tbody></table><!-- Introduction --><p>&#160;</p><p><span style=""font-size: x-small;""><strong>{!template.SBQQ__IntroductionTitle__c}</strong> </span><br /><span style=""font-size: x-small;"">{!quote.SBQQ__Introduction__c}</span></p>",11/28/2016T02:31:19.000Z,Standard,,HTML,TRUE
a1n20000004DiJNAA0,MDQ-Columns,00520000002CI2kAAG,07/23/2016T19:54:10.000Z,USD,,FALSE,Arial,10,00520000002CI2kAAG,11/27/2016T21:16:29.000Z,,,,00520000002CI2kAAG,,11/27/2016T21:16:29.000Z,Price Dimensions as Columns,,Line Items,TRUE
a1n20000004DiJIAA0,Discount Information,00520000002CI2kAAG,07/23/2016T18:09:05.000Z,USD,,FALSE,Arial,,00520000002CI2kAAG,11/27/2016T21:16:29.000Z,,,,00520000002CI2kAAG,"<table align=""right"" border=""0"" cellpadding=""0"" cellspacing=""0"" style=""width: 100%;"">	<tbody>		<tr>			<td align=""center"" valign=""bottom""><span style=""font-size:14px;""><b>Customer Discounts</b></span></td>		</tr>	</tbody></table>",11/27/2016T21:16:29.000Z,Standard,,HTML,TRUE
a1n20000004DhyyAAC,Unity-Addresses,00520000002CI2kAAG,07/11/2016T22:49:48.000Z,USD,,FALSE,Arial,,00520000002CI2kAAG,11/27/2016T21:16:29.000Z,,,,00520000002CI2kAAG,"<table width=""100%"">	<tbody>		<tr>			<td valign=""top"" width=""70%""><span style=""font-size:8px;"">Image<br />			{!companyLogo}</span></td>			<td valign=""top"" width=""10%"">			<p><span style=""font-size:8px;"">Date:&#160;<br />			Expires:&#160;</span></p>			</td>			<td valign=""top"" width=""20%""><span style=""font-size:8px;"">{!quote.CreatedDate}&#160;<br />			{!quote.CreatedDate}&#160;</span></td>		</tr>	</tbody></table>",11/27/2016T21:16:29.000Z,Standard,,HTML,TRUE
a1n0J000003u4C1QAI,Grand Total: Japanese,0050J000006WjRgQAK,12/02/2016T08:26:34.000Z,USD,,FALSE,Arial,,0050J000006WjRgQAK,02/25/2017T14:58:43.000Z,02/26/2017T11:07:25.000Z,02/26/2017T11:07:25.000Z,,0050J000006WjRgQAK,"<table align=""right"" border=""0"" cellpadding=""0"" cellspacing=""0"" style=""width: 100%;"">	<tbody>		<tr>			<td align=""right"" valign=""top"" width=""77.5%""><span style=""font-size:10px;""><b>&#21512;&#35336;</b></span></td>			<td align=""right"" valign=""top"" width=""22%""><span style=""font-size:10px;""><b>{!quote.Net_Amount_Output__c}</b></span></td>		</tr>	</tbody></table>",02/27/2017T02:31:14.000Z,Standard,,HTML,TRUE